[
    {
        "id": 1,
        "name": "Nirvana",
        "category": 1,
        "subcategory": 1.1,
        "image":"./images/artist/nirvana.jpg"
        
    },
    {
        "id": 2,
        "name": "Led Zeppelin",
        "category": 1,
        "subcategory": 1.3,
        "image":"./images/artist/Led-Zeppelin.jpg"
    },
    {
        "id": 3,
        "name": "The Strokes",
        "category": 1,
        "subcategory": 1.5,
        "image":"./images/artist/The-Strokes.avif"
    },
    {
        "id": 4,
        "name": "Green Day",
        "category": 1,
        "subcategory": 1.4,
        "image":"./images/artist/green-day.jpg"
    },
    {
        "id": 5,
        "name": "AC/DC",
        "category": 1,
        "subcategory": 1.2,
        "image":"./images/artist/acdc.jpg"
    },
    {
        "id": 6,
        "name": "Miles Davis",
        "category": 2,
        "subcategory": 2.2,
        "image":"./images/artist/Miles-Davis.jpg"
    },
    {
        "id": 7,
        "name": "John Coltrane",
        "category": 2,
        "subcategory": 2.3,
        "image":"./images/artist/Jhon-Coltrane.jpg"
    },
    {
        "id": 8,
        "name": "Herbie Hancock",
        "category": 2,
        "subcategory": 2.4,
        "image":"./images/artist/Herbie-Hancock.jpg"
    },
    {
        "id": 9,
        "name": "Stan Getz",
        "category": 2,
        "subcategory": 2.5,
        "image":"./images/artist/Sten-Getz.jpg"
    },
    {
        "id": 10,
        "name": "Kenny G",
        "category": 2,
        "subcategory": 2.1,
        "image":"./images/artist/Kenny-G.webp"
    },
    {
        "id": 11,
        "name": "Taylor Swift",
        "category": 3,
        "subcategory": 3.3,
        "image":"./images/artist/Taylor-Swift.jpg"
    },
    {
        "id": 12,
        "name": "Dua Lipa",
        "category": 3,
        "subcategory": 3.1,
        "image":"./images/artist/Dua-Lipa.jpg"
    },
    {
        "id": 13,
        "name": "The Weeknd",
        "category": 3,
        "subcategory": 3.2,
        "image":"./images/artist/The-Weeknd.jpg"
    },
    {
        "id": 14,
        "name": "Depeche Mode",
        "category": 3,
        "subcategory": 3.4,
        "image":"./images/artist/Depeche-Mode.jpeg"
    },
    {
        "id": 15,
        "name": "Maroon 5",
        "category": 3,
        "subcategory": 3.5,
        "image":"./images/artist/Maroon-5.webp"
    },
    {
        "id": 16,
        "name": "Tupac Shakur",
        "category": 4,
        "subcategory": 4.1,
        "image":"./images/artist/Tupac-Shakur.jpeg"
    },
    {
        "id": 17,
        "name": "Kendrick Lamar",
        "category": 4,
        "subcategory": 4.3,
        "image":"./images/artist/Kendrick-Lamar.jpg"
    },
    {
        "id": 18,
        "name": "Travis Scott",
        "category": 4,
        "subcategory": 4.2,
        "image":"./images/artist/Travis-Scott.jpg"
    },
    {
        "id": 19,
        "name": "A Tribe Called Quest",
        "category": 4,
        "subcategory": 4.4,
        "image":"./images/artist/A-Trible-Called-Quest.webp"
    },
    {
        "id": 20,
        "name": "Nas",
        "category": 4,
        "subcategory": 4.5,
        "image":"./images/artist/nas.jpg"
    },
    {
        "id": 21,
        "name": "Johann Sebastian Bach",
        "category": 5,
        "subcategory": 5.1,
        "image":"./images/artist/Johann-Sebastain-Bach.jpg"
    },
    {
        "id": 22,
        "name": "Ludwig van Beethoven",
        "category": 5,
        "subcategory": 5.2,
        "image":"./images/artist/Ludwig-van-Beethoven.jpg"
    },
    {
        "id": 23,
        "name": "Philip Glass",
        "category": 5,
        "subcategory": 5.3,
        "image":"./images/artist/Philip-Glass.jpg"
    },
    {
        "id": 24,
        "name": "Wolfgang Amadeus Mozart",
        "category": 5,
        "subcategory": 5.4,
        "image":"./images/artist/Wolfgang-Amadeus-Mozart.jpg"
    },
    {
        "id": 25,
        "name": "Giuseppe Verdi",
        "category": 5,
        "subcategory": 5.5,
        "image":"./images/artist/Giuseppe-Verdi.jpg"
    }
]
